<ImportExportXml version="9.2.23075.204" SolutionPackageVersion="9.2" languagecode="1033" generatedBy="CrmLive" xmlns:xsi="http://www.w3.org/2001/XMLSchema-instance">
  <SolutionManifest>
    <UniqueName>APP3</UniqueName>
    <LocalizedNames>
      <LocalizedName description="APP3" languagecode="1033" />
    </LocalizedNames>
    <Descriptions />
    <Version>1.0.0.3</Version>
    <Managed>0</Managed>
    <Publisher>
      <UniqueName>UCLPowerAppsTeam2023</UniqueName>
      <LocalizedNames>
        <LocalizedName description="UCLPowerAppsTeam2023" languagecode="1033" />
      </LocalizedNames>
      <Descriptions />
      <EMailAddress xsi:nil="true"></EMailAddress>
      <SupportingWebsiteUrl xsi:nil="true"></SupportingWebsiteUrl>
      <CustomizationPrefix>uclp2023</CustomizationPrefix>
      <CustomizationOptionValuePrefix>67967</CustomizationOptionValuePrefix>
      <Addresses>
        <Address>
          <AddressNumber>1</AddressNumber>
          <AddressTypeCode>1</AddressTypeCode>
          <City xsi:nil="true"></City>
          <County xsi:nil="true"></County>
          <Country xsi:nil="true"></Country>
          <Fax xsi:nil="true"></Fax>
          <FreightTermsCode xsi:nil="true"></FreightTermsCode>
          <ImportSequenceNumber xsi:nil="true"></ImportSequenceNumber>
          <Latitude xsi:nil="true"></Latitude>
          <Line1 xsi:nil="true"></Line1>
          <Line2 xsi:nil="true"></Line2>
          <Line3 xsi:nil="true"></Line3>
          <Longitude xsi:nil="true"></Longitude>
          <Name xsi:nil="true"></Name>
          <PostalCode xsi:nil="true"></PostalCode>
          <PostOfficeBox xsi:nil="true"></PostOfficeBox>
          <PrimaryContactName xsi:nil="true"></PrimaryContactName>
          <ShippingMethodCode>1</ShippingMethodCode>
          <StateOrProvince xsi:nil="true"></StateOrProvince>
          <Telephone1 xsi:nil="true"></Telephone1>
          <Telephone2 xsi:nil="true"></Telephone2>
          <Telephone3 xsi:nil="true"></Telephone3>
          <TimeZoneRuleVersionNumber xsi:nil="true"></TimeZoneRuleVersionNumber>
          <UPSZone xsi:nil="true"></UPSZone>
          <UTCOffset xsi:nil="true"></UTCOffset>
          <UTCConversionTimeZoneCode xsi:nil="true"></UTCConversionTimeZoneCode>
        </Address>
        <Address>
          <AddressNumber>2</AddressNumber>
          <AddressTypeCode>1</AddressTypeCode>
          <City xsi:nil="true"></City>
          <County xsi:nil="true"></County>
          <Country xsi:nil="true"></Country>
          <Fax xsi:nil="true"></Fax>
          <FreightTermsCode xsi:nil="true"></FreightTermsCode>
          <ImportSequenceNumber xsi:nil="true"></ImportSequenceNumber>
          <Latitude xsi:nil="true"></Latitude>
          <Line1 xsi:nil="true"></Line1>
          <Line2 xsi:nil="true"></Line2>
          <Line3 xsi:nil="true"></Line3>
          <Longitude xsi:nil="true"></Longitude>
          <Name xsi:nil="true"></Name>
          <PostalCode xsi:nil="true"></PostalCode>
          <PostOfficeBox xsi:nil="true"></PostOfficeBox>
          <PrimaryContactName xsi:nil="true"></PrimaryContactName>
          <ShippingMethodCode>1</ShippingMethodCode>
          <StateOrProvince xsi:nil="true"></StateOrProvince>
          <Telephone1 xsi:nil="true"></Telephone1>
          <Telephone2 xsi:nil="true"></Telephone2>
          <Telephone3 xsi:nil="true"></Telephone3>
          <TimeZoneRuleVersionNumber xsi:nil="true"></TimeZoneRuleVersionNumber>
          <UPSZone xsi:nil="true"></UPSZone>
          <UTCOffset xsi:nil="true"></UTCOffset>
          <UTCConversionTimeZoneCode xsi:nil="true"></UTCConversionTimeZoneCode>
        </Address>
      </Addresses>
    </Publisher>
    <RootComponents>
      <RootComponent type="1" schemaName="cr7c7_assignmeeting_table" behavior="0" />
      <RootComponent type="1" schemaName="cr7c7_clockinoffrecord_table" behavior="0" />
      <RootComponent type="1" schemaName="cr7c7_clockonoffrecord_table" behavior="0" />
      <RootComponent type="1" schemaName="cr7c7_holiday" behavior="0" />
      <RootComponent type="1" schemaName="cr7c7_holiday_table" behavior="0" />
      <RootComponent type="1" schemaName="cr7c7_meeting_table" behavior="0" />
      <RootComponent type="1" schemaName="cr7c7_neededroles_table" behavior="0" />
      <RootComponent type="1" schemaName="cr7c7_roster_employee_table" behavior="0" />
      <RootComponent type="1" schemaName="cr7c7_shift_table" behavior="0" />
      <RootComponent type="9" schemaName="cr7c7_shifttype" behavior="0" />
      <RootComponent type="9" schemaName="cr7c7_shifttype_rolestable" behavior="0" />
      <RootComponent type="9" schemaName="cr7c7_unit" behavior="0" />
      <RootComponent type="300" schemaName="uclp2023_roasteremployees_a7318" behavior="0" />
    </RootComponents>
    <MissingDependencies>
      <MissingDependency>
        <Required type="1" schemaName="cr7c7_assignmeeting_table" displayName="AssignActivity_Table" solution="RosterEmployees (1.0.0.1)" />
        <Dependent type="1" schemaName="cr7c7_assignmeeting_table" displayName="AssignActivity_Table" />
      </MissingDependency>
      <MissingDependency>
        <Required type="1" schemaName="cr7c7_assignmeeting_table" displayName="AssignActivity_Table" solution="RosterEmployees (1.0.0.1)" />
        <Dependent type="10" schemaName="cr7c7_Meeting_Table_cr7c7_Meeting_Table_c" displayName="cr7c7_Meeting_Table_cr7c7_Meeting_Table_c" parentSchemaName="cr7c7_assignmeeting_table" parentDisplayName="AssignActivity_Table" />
      </MissingDependency>
      <MissingDependency>
        <Required type="1" schemaName="cr7c7_assignmeeting_table" displayName="AssignActivity_Table" solution="RosterEmployees (1.0.0.1)" />
        <Dependent type="10" schemaName="cr7c7_Roster_Employee_Table_MeetingAssign" displayName="cr7c7_Roster_Employee_Table_MeetingAssign" parentSchemaName="cr7c7_assignmeeting_table" parentDisplayName="AssignActivity_Table" />
      </MissingDependency>
      <MissingDependency>
        <Required type="1" schemaName="cr7c7_assignmeeting_table" displayName="AssignActivity_Table" solution="RosterEmployees (1.0.0.1)" />
        <Dependent type="2" schemaName="createdby" displayName="Created By" parentSchemaName="cr7c7_assignmeeting_table" parentDisplayName="AssignActivity_Table" />
      </MissingDependency>
      <MissingDependency>
        <Required type="1" schemaName="cr7c7_assignmeeting_table" displayName="AssignActivity_Table" solution="RosterEmployees (1.0.0.1)" />
        <Dependent type="2" schemaName="createdonbehalfby" displayName="Created By (Delegate)" parentSchemaName="cr7c7_assignmeeting_table" parentDisplayName="AssignActivity_Table" />
      </MissingDependency>
      <MissingDependency>
        <Required type="1" schemaName="cr7c7_assignmeeting_table" displayName="AssignActivity_Table" solution="RosterEmployees (1.0.0.1)" />
        <Dependent type="2" schemaName="modifiedby" displayName="Modified By" parentSchemaName="cr7c7_assignmeeting_table" parentDisplayName="AssignActivity_Table" />
      </MissingDependency>
      <MissingDependency>
        <Required type="1" schemaName="cr7c7_assignmeeting_table" displayName="AssignActivity_Table" solution="RosterEmployees (1.0.0.1)" />
        <Dependent type="2" schemaName="modifiedonbehalfby" displayName="Modified By (Delegate)" parentSchemaName="cr7c7_assignmeeting_table" parentDisplayName="AssignActivity_Table" />
      </MissingDependency>
      <MissingDependency>
        <Required type="1" schemaName="cr7c7_assignmeeting_table" displayName="AssignActivity_Table" solution="RosterEmployees (1.0.0.1)" />
        <Dependent type="2" schemaName="ownerid" displayName="Owner" parentSchemaName="cr7c7_assignmeeting_table" parentDisplayName="AssignActivity_Table" />
      </MissingDependency>
      <MissingDependency>
        <Required type="1" schemaName="cr7c7_assignmeeting_table" displayName="AssignActivity_Table" solution="RosterEmployees (1.0.0.1)" />
        <Dependent type="2" schemaName="owningbusinessunit" displayName="Owning Business Unit" parentSchemaName="cr7c7_assignmeeting_table" parentDisplayName="AssignActivity_Table" />
      </MissingDependency>
      <MissingDependency>
        <Required type="1" schemaName="cr7c7_assignmeeting_table" displayName="AssignActivity_Table" solution="RosterEmployees (1.0.0.1)" />
        <Dependent type="2" schemaName="owningteam" displayName="Owning Team" parentSchemaName="cr7c7_assignmeeting_table" parentDisplayName="AssignActivity_Table" />
      </MissingDependency>
      <MissingDependency>
        <Required type="1" schemaName="cr7c7_assignmeeting_table" displayName="AssignActivity_Table" solution="RosterEmployees (1.0.0.1)" />
        <Dependent type="2" schemaName="owninguser" displayName="Owning User" parentSchemaName="cr7c7_assignmeeting_table" parentDisplayName="AssignActivity_Table" />
      </MissingDependency>
      <MissingDependency>
        <Required type="1" schemaName="cr7c7_assignmeeting_table" displayName="AssignActivity_Table" solution="RosterEmployees (1.0.0.1)" />
        <Dependent type="2" schemaName="versionnumber" displayName="Version Number" parentSchemaName="cr7c7_assignmeeting_table" parentDisplayName="AssignActivity_Table" />
      </MissingDependency>
      <MissingDependency>
        <Required type="1" schemaName="cr7c7_assignmeeting_table" displayName="AssignActivity_Table" solution="RosterEmployees (1.0.0.1)" />
        <Dependent type="300" schemaName="uclp2023_roasteremployees_a7318" displayName="Roaster-Employees" />
      </MissingDependency>
      <MissingDependency>
        <Required type="1" schemaName="cr7c7_assignmeeting_table" displayName="AssignActivity_Table" solution="RosterEmployees (1.0.0.1)" />
        <Dependent type="68" id="{14177c73-9c12-460d-b62a-15909054ba11}" />
      </MissingDependency>
      <MissingDependency>
        <Required type="1" schemaName="cr7c7_clockinoffrecord_table" displayName="ClockInOffRecord_Table" solution="RosterEmployees (1.0.0.1)" />
        <Dependent type="1" schemaName="cr7c7_clockinoffrecord_table" displayName="ClockInOffRecord_Table" />
      </MissingDependency>
      <MissingDependency>
        <Required type="1" schemaName="cr7c7_clockinoffrecord_table" displayName="ClockInOffRecord_Table" solution="RosterEmployees (1.0.0.1)" />
        <Dependent type="10" schemaName="cr7c7_cr7c7_clockinoffrecord_table_Shift_ID_Rec" displayName="cr7c7_cr7c7_clockinoffrecord_table_Shift_ID_Rec" parentSchemaName="cr7c7_clockinoffrecord_table" parentDisplayName="ClockInOffRecord_Table" />
      </MissingDependency>
      <MissingDependency>
        <Required type="1" schemaName="cr7c7_clockinoffrecord_table" displayName="ClockInOffRecord_Table" solution="RosterEmployees (1.0.0.1)" />
        <Dependent type="10" schemaName="cr7c7_Roster_Employee_Table_ClockRecord" displayName="cr7c7_Roster_Employee_Table_ClockRecord" parentSchemaName="cr7c7_clockinoffrecord_table" parentDisplayName="ClockInOffRecord_Table" />
      </MissingDependency>
      <MissingDependency>
        <Required type="1" schemaName="cr7c7_clockinoffrecord_table" displayName="ClockInOffRecord_Table" solution="RosterEmployees (1.0.0.1)" />
        <Dependent type="2" schemaName="createdby" displayName="Created By" parentSchemaName="cr7c7_clockinoffrecord_table" parentDisplayName="ClockInOffRecord_Table" />
      </MissingDependency>
      <MissingDependency>
        <Required type="1" schemaName="cr7c7_clockinoffrecord_table" displayName="ClockInOffRecord_Table" solution="RosterEmployees (1.0.0.1)" />
        <Dependent type="2" schemaName="createdonbehalfby" displayName="Created By (Delegate)" parentSchemaName="cr7c7_clockinoffrecord_table" parentDisplayName="ClockInOffRecord_Table" />
      </MissingDependency>
      <MissingDependency>
        <Required type="1" schemaName="cr7c7_clockinoffrecord_table" displayName="ClockInOffRecord_Table" solution="RosterEmployees (1.0.0.1)" />
        <Dependent type="2" schemaName="modifiedby" displayName="Modified By" parentSchemaName="cr7c7_clockinoffrecord_table" parentDisplayName="ClockInOffRecord_Table" />
      </MissingDependency>
      <MissingDependency>
        <Required type="1" schemaName="cr7c7_clockinoffrecord_table" displayName="ClockInOffRecord_Table" solution="RosterEmployees (1.0.0.1)" />
        <Dependent type="2" schemaName="modifiedonbehalfby" displayName="Modified By (Delegate)" parentSchemaName="cr7c7_clockinoffrecord_table" parentDisplayName="ClockInOffRecord_Table" />
      </MissingDependency>
      <MissingDependency>
        <Required type="1" schemaName="cr7c7_clockinoffrecord_table" displayName="ClockInOffRecord_Table" solution="RosterEmployees (1.0.0.1)" />
        <Dependent type="2" schemaName="ownerid" displayName="Owner" parentSchemaName="cr7c7_clockinoffrecord_table" parentDisplayName="ClockInOffRecord_Table" />
      </MissingDependency>
      <MissingDependency>
        <Required type="1" schemaName="cr7c7_clockinoffrecord_table" displayName="ClockInOffRecord_Table" solution="RosterEmployees (1.0.0.1)" />
        <Dependent type="2" schemaName="owningbusinessunit" displayName="Owning Business Unit" parentSchemaName="cr7c7_clockinoffrecord_table" parentDisplayName="ClockInOffRecord_Table" />
      </MissingDependency>
      <MissingDependency>
        <Required type="1" schemaName="cr7c7_clockinoffrecord_table" displayName="ClockInOffRecord_Table" solution="RosterEmployees (1.0.0.1)" />
        <Dependent type="2" schemaName="owningteam" displayName="Owning Team" parentSchemaName="cr7c7_clockinoffrecord_table" parentDisplayName="ClockInOffRecord_Table" />
      </MissingDependency>
      <MissingDependency>
        <Required type="1" schemaName="cr7c7_clockinoffrecord_table" displayName="ClockInOffRecord_Table" solution="RosterEmployees (1.0.0.1)" />
        <Dependent type="2" schemaName="owninguser" displayName="Owning User" parentSchemaName="cr7c7_clockinoffrecord_table" parentDisplayName="ClockInOffRecord_Table" />
      </MissingDependency>
      <MissingDependency>
        <Required type="1" schemaName="cr7c7_clockinoffrecord_table" displayName="ClockInOffRecord_Table" solution="RosterEmployees (1.0.0.1)" />
        <Dependent type="2" schemaName="versionnumber" displayName="Version Number" parentSchemaName="cr7c7_clockinoffrecord_table" parentDisplayName="ClockInOffRecord_Table" />
      </MissingDependency>
      <MissingDependency>
        <Required type="1" schemaName="cr7c7_clockinoffrecord_table" displayName="ClockInOffRecord_Table" solution="RosterEmployees (1.0.0.1)" />
        <Dependent type="300" schemaName="uclp2023_roasteremployees_a7318" displayName="Roaster-Employees" />
      </MissingDependency>
      <MissingDependency>
        <Required type="1" schemaName="cr7c7_clockinoffrecord_table" displayName="ClockInOffRecord_Table" solution="RosterEmployees (1.0.0.1)" />
        <Dependent type="68" id="{42939de3-630a-4747-9e92-888752d74890}" />
      </MissingDependency>
      <MissingDependency>
        <Required type="1" schemaName="cr7c7_clockonoffrecord_table" displayName=" ClockOnOffRecord_Table" solution="RosterEmployees (1.0.0.1)" />
        <Dependent type="1" schemaName="cr7c7_clockonoffrecord_table" displayName=" ClockOnOffRecord_Table" />
      </MissingDependency>
      <MissingDependency>
        <Required type="1" schemaName="cr7c7_clockonoffrecord_table" displayName=" ClockOnOffRecord_Table" solution="RosterEmployees (1.0.0.1)" />
        <Dependent type="10" schemaName="cr7c7_cr7c7_clockonoffrecord_table_Employee_ID_" displayName="cr7c7_cr7c7_clockonoffrecord_table_Employee_ID_" parentSchemaName="cr7c7_clockonoffrecord_table" parentDisplayName=" ClockOnOffRecord_Table" />
      </MissingDependency>
      <MissingDependency>
        <Required type="1" schemaName="cr7c7_clockonoffrecord_table" displayName=" ClockOnOffRecord_Table" solution="RosterEmployees (1.0.0.1)" />
        <Dependent type="10" schemaName="cr7c7_cr7c7_clockonoffrecord_table_Shift_ID_clo" displayName="cr7c7_cr7c7_clockonoffrecord_table_Shift_ID_clo" parentSchemaName="cr7c7_clockonoffrecord_table" parentDisplayName=" ClockOnOffRecord_Table" />
      </MissingDependency>
      <MissingDependency>
        <Required type="1" schemaName="cr7c7_clockonoffrecord_table" displayName=" ClockOnOffRecord_Table" solution="RosterEmployees (1.0.0.1)" />
        <Dependent type="2" schemaName="createdby" displayName="Created By" parentSchemaName="cr7c7_clockonoffrecord_table" parentDisplayName=" ClockOnOffRecord_Table" />
      </MissingDependency>
      <MissingDependency>
        <Required type="1" schemaName="cr7c7_clockonoffrecord_table" displayName=" ClockOnOffRecord_Table" solution="RosterEmployees (1.0.0.1)" />
        <Dependent type="2" schemaName="createdonbehalfby" displayName="Created By (Delegate)" parentSchemaName="cr7c7_clockonoffrecord_table" parentDisplayName=" ClockOnOffRecord_Table" />
      </MissingDependency>
      <MissingDependency>
        <Required type="1" schemaName="cr7c7_clockonoffrecord_table" displayName=" ClockOnOffRecord_Table" solution="RosterEmployees (1.0.0.1)" />
        <Dependent type="2" schemaName="modifiedby" displayName="Modified By" parentSchemaName="cr7c7_clockonoffrecord_table" parentDisplayName=" ClockOnOffRecord_Table" />
      </MissingDependency>
      <MissingDependency>
        <Required type="1" schemaName="cr7c7_clockonoffrecord_table" displayName=" ClockOnOffRecord_Table" solution="RosterEmployees (1.0.0.1)" />
        <Dependent type="2" schemaName="modifiedonbehalfby" displayName="Modified By (Delegate)" parentSchemaName="cr7c7_clockonoffrecord_table" parentDisplayName=" ClockOnOffRecord_Table" />
      </MissingDependency>
      <MissingDependency>
        <Required type="1" schemaName="cr7c7_clockonoffrecord_table" displayName=" ClockOnOffRecord_Table" solution="RosterEmployees (1.0.0.1)" />
        <Dependent type="2" schemaName="ownerid" displayName="Owner" parentSchemaName="cr7c7_clockonoffrecord_table" parentDisplayName=" ClockOnOffRecord_Table" />
      </MissingDependency>
      <MissingDependency>
        <Required type="1" schemaName="cr7c7_clockonoffrecord_table" displayName=" ClockOnOffRecord_Table" solution="RosterEmployees (1.0.0.1)" />
        <Dependent type="2" schemaName="owningbusinessunit" displayName="Owning Business Unit" parentSchemaName="cr7c7_clockonoffrecord_table" parentDisplayName=" ClockOnOffRecord_Table" />
      </MissingDependency>
      <MissingDependency>
        <Required type="1" schemaName="cr7c7_clockonoffrecord_table" displayName=" ClockOnOffRecord_Table" solution="RosterEmployees (1.0.0.1)" />
        <Dependent type="2" schemaName="owningteam" displayName="Owning Team" parentSchemaName="cr7c7_clockonoffrecord_table" parentDisplayName=" ClockOnOffRecord_Table" />
      </MissingDependency>
      <MissingDependency>
        <Required type="1" schemaName="cr7c7_clockonoffrecord_table" displayName=" ClockOnOffRecord_Table" solution="RosterEmployees (1.0.0.1)" />
        <Dependent type="2" schemaName="owninguser" displayName="Owning User" parentSchemaName="cr7c7_clockonoffrecord_table" parentDisplayName=" ClockOnOffRecord_Table" />
      </MissingDependency>
      <MissingDependency>
        <Required type="1" schemaName="cr7c7_clockonoffrecord_table" displayName=" ClockOnOffRecord_Table" solution="RosterEmployees (1.0.0.1)" />
        <Dependent type="2" schemaName="versionnumber" displayName="Version Number" parentSchemaName="cr7c7_clockonoffrecord_table" parentDisplayName=" ClockOnOffRecord_Table" />
      </MissingDependency>
      <MissingDependency>
        <Required type="1" schemaName="cr7c7_clockonoffrecord_table" displayName=" ClockOnOffRecord_Table" solution="RosterEmployees (1.0.0.1)" />
        <Dependent type="300" schemaName="uclp2023_roasteremployees_a7318" displayName="Roaster-Employees" />
      </MissingDependency>
      <MissingDependency>
        <Required type="1" schemaName="cr7c7_clockonoffrecord_table" displayName=" ClockOnOffRecord_Table" solution="RosterEmployees (1.0.0.1)" />
        <Dependent type="68" id="{88e91ed5-8890-4234-99c8-acfc10d89437}" />
      </MissingDependency>
      <MissingDependency>
        <Required type="1" schemaName="cr7c7_holiday_table" displayName="Holiday_Table" solution="RosterEmployees (1.0.0.1)" />
        <Dependent type="1" schemaName="cr7c7_holiday_table" displayName="Holiday_Table" />
      </MissingDependency>
      <MissingDependency>
        <Required type="1" schemaName="cr7c7_holiday_table" displayName="Holiday_Table" solution="RosterEmployees (1.0.0.1)" />
        <Dependent type="10" schemaName="cr7c7_cr7c7_holiday_table_EmployeeID_cr7c7_rost" displayName="cr7c7_cr7c7_holiday_table_EmployeeID_cr7c7_rost" parentSchemaName="cr7c7_holiday_table" parentDisplayName="Holiday_Table" />
      </MissingDependency>
      <MissingDependency>
        <Required type="1" schemaName="cr7c7_holiday_table" displayName="Holiday_Table" solution="RosterEmployees (1.0.0.1)" />
        <Dependent type="2" schemaName="createdby" displayName="Created By" parentSchemaName="cr7c7_holiday_table" parentDisplayName="Holiday_Table" />
      </MissingDependency>
      <MissingDependency>
        <Required type="1" schemaName="cr7c7_holiday_table" displayName="Holiday_Table" solution="RosterEmployees (1.0.0.1)" />
        <Dependent type="2" schemaName="createdonbehalfby" displayName="Created By (Delegate)" parentSchemaName="cr7c7_holiday_table" parentDisplayName="Holiday_Table" />
      </MissingDependency>
      <MissingDependency>
        <Required type="1" schemaName="cr7c7_holiday_table" displayName="Holiday_Table" solution="RosterEmployees (1.0.0.1)" />
        <Dependent type="2" schemaName="modifiedby" displayName="Modified By" parentSchemaName="cr7c7_holiday_table" parentDisplayName="Holiday_Table" />
      </MissingDependency>
      <MissingDependency>
        <Required type="1" schemaName="cr7c7_holiday_table" displayName="Holiday_Table" solution="RosterEmployees (1.0.0.1)" />
        <Dependent type="2" schemaName="modifiedonbehalfby" displayName="Modified By (Delegate)" parentSchemaName="cr7c7_holiday_table" parentDisplayName="Holiday_Table" />
      </MissingDependency>
      <MissingDependency>
        <Required type="1" schemaName="cr7c7_holiday_table" displayName="Holiday_Table" solution="RosterEmployees (1.0.0.1)" />
        <Dependent type="2" schemaName="ownerid" displayName="Owner" parentSchemaName="cr7c7_holiday_table" parentDisplayName="Holiday_Table" />
      </MissingDependency>
      <MissingDependency>
        <Required type="1" schemaName="cr7c7_holiday_table" displayName="Holiday_Table" solution="RosterEmployees (1.0.0.1)" />
        <Dependent type="2" schemaName="owningbusinessunit" displayName="Owning Business Unit" parentSchemaName="cr7c7_holiday_table" parentDisplayName="Holiday_Table" />
      </MissingDependency>
      <MissingDependency>
        <Required type="1" schemaName="cr7c7_holiday_table" displayName="Holiday_Table" solution="RosterEmployees (1.0.0.1)" />
        <Dependent type="2" schemaName="owningteam" displayName="Owning Team" parentSchemaName="cr7c7_holiday_table" parentDisplayName="Holiday_Table" />
      </MissingDependency>
      <MissingDependency>
        <Required type="1" schemaName="cr7c7_holiday_table" displayName="Holiday_Table" solution="RosterEmployees (1.0.0.1)" />
        <Dependent type="2" schemaName="owninguser" displayName="Owning User" parentSchemaName="cr7c7_holiday_table" parentDisplayName="Holiday_Table" />
      </MissingDependency>
      <MissingDependency>
        <Required type="1" schemaName="cr7c7_holiday_table" displayName="Holiday_Table" solution="RosterEmployees (1.0.0.1)" />
        <Dependent type="2" schemaName="versionnumber" displayName="Version Number" parentSchemaName="cr7c7_holiday_table" parentDisplayName="Holiday_Table" />
      </MissingDependency>
      <MissingDependency>
        <Required type="1" schemaName="cr7c7_holiday_table" displayName="Holiday_Table" solution="RosterEmployees (1.0.0.1)" />
        <Dependent type="300" schemaName="uclp2023_roasteremployees_a7318" displayName="Roaster-Employees" />
      </MissingDependency>
      <MissingDependency>
        <Required type="1" schemaName="cr7c7_holiday_table" displayName="Holiday_Table" solution="RosterEmployees (1.0.0.1)" />
        <Dependent type="68" id="{8be096f9-a739-4f55-8f61-07425abc54ef}" />
      </MissingDependency>
      <MissingDependency>
        <Required type="1" schemaName="cr7c7_meeting_table" displayName="Activity_Table" solution="RosterEmployees (1.0.0.1)" />
        <Dependent type="1" schemaName="cr7c7_meeting_table" displayName="Activity_Table" />
      </MissingDependency>
      <MissingDependency>
        <Required type="1" schemaName="cr7c7_meeting_table" displayName="Activity_Table" solution="RosterEmployees (1.0.0.1)" />
        <Dependent type="10" schemaName="cr7c7_Meeting_Table_cr7c7_Meeting_Table_c" displayName="cr7c7_Meeting_Table_cr7c7_Meeting_Table_c" parentSchemaName="cr7c7_assignmeeting_table" parentDisplayName="AssignActivity_Table" />
      </MissingDependency>
      <MissingDependency>
        <Required type="1" schemaName="cr7c7_meeting_table" displayName="Activity_Table" solution="RosterEmployees (1.0.0.1)" />
        <Dependent type="2" schemaName="createdby" displayName="Created By" parentSchemaName="cr7c7_meeting_table" parentDisplayName="Activity_Table" />
      </MissingDependency>
      <MissingDependency>
        <Required type="1" schemaName="cr7c7_meeting_table" displayName="Activity_Table" solution="RosterEmployees (1.0.0.1)" />
        <Dependent type="2" schemaName="createdonbehalfby" displayName="Created By (Delegate)" parentSchemaName="cr7c7_meeting_table" parentDisplayName="Activity_Table" />
      </MissingDependency>
      <MissingDependency>
        <Required type="1" schemaName="cr7c7_meeting_table" displayName="Activity_Table" solution="RosterEmployees (1.0.0.1)" />
        <Dependent type="2" schemaName="modifiedby" displayName="Modified By" parentSchemaName="cr7c7_meeting_table" parentDisplayName="Activity_Table" />
      </MissingDependency>
      <MissingDependency>
        <Required type="1" schemaName="cr7c7_meeting_table" displayName="Activity_Table" solution="RosterEmployees (1.0.0.1)" />
        <Dependent type="2" schemaName="modifiedonbehalfby" displayName="Modified By (Delegate)" parentSchemaName="cr7c7_meeting_table" parentDisplayName="Activity_Table" />
      </MissingDependency>
      <MissingDependency>
        <Required type="1" schemaName="cr7c7_meeting_table" displayName="Activity_Table" solution="RosterEmployees (1.0.0.1)" />
        <Dependent type="2" schemaName="ownerid" displayName="Owner" parentSchemaName="cr7c7_meeting_table" parentDisplayName="Activity_Table" />
      </MissingDependency>
      <MissingDependency>
        <Required type="1" schemaName="cr7c7_meeting_table" displayName="Activity_Table" solution="RosterEmployees (1.0.0.1)" />
        <Dependent type="2" schemaName="owningbusinessunit" displayName="Owning Business Unit" parentSchemaName="cr7c7_meeting_table" parentDisplayName="Activity_Table" />
      </MissingDependency>
      <MissingDependency>
        <Required type="1" schemaName="cr7c7_meeting_table" displayName="Activity_Table" solution="RosterEmployees (1.0.0.1)" />
        <Dependent type="2" schemaName="owningteam" displayName="Owning Team" parentSchemaName="cr7c7_meeting_table" parentDisplayName="Activity_Table" />
      </MissingDependency>
      <MissingDependency>
        <Required type="1" schemaName="cr7c7_meeting_table" displayName="Activity_Table" solution="RosterEmployees (1.0.0.1)" />
        <Dependent type="2" schemaName="owninguser" displayName="Owning User" parentSchemaName="cr7c7_meeting_table" parentDisplayName="Activity_Table" />
      </MissingDependency>
      <MissingDependency>
        <Required type="1" schemaName="cr7c7_meeting_table" displayName="Activity_Table" solution="RosterEmployees (1.0.0.1)" />
        <Dependent type="2" schemaName="versionnumber" displayName="Version Number" parentSchemaName="cr7c7_meeting_table" parentDisplayName="Activity_Table" />
      </MissingDependency>
      <MissingDependency>
        <Required type="1" schemaName="cr7c7_meeting_table" displayName="Activity_Table" solution="RosterEmployees (1.0.0.1)" />
        <Dependent type="300" schemaName="uclp2023_roasteremployees_a7318" displayName="Roaster-Employees" />
      </MissingDependency>
      <MissingDependency>
        <Required type="1" schemaName="cr7c7_meeting_table" displayName="Activity_Table" solution="RosterEmployees (1.0.0.1)" />
        <Dependent type="68" id="{4b0a48e2-a64b-4e19-8cf5-1825d8668fb4}" />
      </MissingDependency>
      <MissingDependency>
        <Required type="1" schemaName="cr7c7_roster_employee_table" displayName="Roster_Employee_Table" solution="RosterEmployees (1.0.0.1)" />
        <Dependent type="1" schemaName="cr7c7_roster_employee_table" displayName="Roster_Employee_Table" />
      </MissingDependency>
      <MissingDependency>
        <Required type="1" schemaName="cr7c7_roster_employee_table" displayName="Roster_Employee_Table" solution="RosterEmployees (1.0.0.1)" />
        <Dependent type="10" schemaName="cr7c7_Roster_Employee_Table_MeetingAssign" displayName="cr7c7_Roster_Employee_Table_MeetingAssign" parentSchemaName="cr7c7_assignmeeting_table" parentDisplayName="AssignActivity_Table" />
      </MissingDependency>
      <MissingDependency>
        <Required type="1" schemaName="cr7c7_roster_employee_table" displayName="Roster_Employee_Table" solution="RosterEmployees (1.0.0.1)" />
        <Dependent type="10" schemaName="cr7c7_Roster_Employee_Table_ClockRecord" displayName="cr7c7_Roster_Employee_Table_ClockRecord" parentSchemaName="cr7c7_clockinoffrecord_table" parentDisplayName="ClockInOffRecord_Table" />
      </MissingDependency>
      <MissingDependency>
        <Required type="1" schemaName="cr7c7_roster_employee_table" displayName="Roster_Employee_Table" solution="RosterEmployees (1.0.0.1)" />
        <Dependent type="10" schemaName="cr7c7_cr7c7_clockonoffrecord_table_Employee_ID_" displayName="cr7c7_cr7c7_clockonoffrecord_table_Employee_ID_" parentSchemaName="cr7c7_clockonoffrecord_table" parentDisplayName=" ClockOnOffRecord_Table" />
      </MissingDependency>
      <MissingDependency>
        <Required type="1" schemaName="cr7c7_roster_employee_table" displayName="Roster_Employee_Table" solution="RosterEmployees (1.0.0.1)" />
        <Dependent type="10" schemaName="cr7c7_cr7c7_holiday_table_EmployeeID_cr7c7_rost" displayName="cr7c7_cr7c7_holiday_table_EmployeeID_cr7c7_rost" parentSchemaName="cr7c7_holiday_table" parentDisplayName="Holiday_Table" />
      </MissingDependency>
      <MissingDependency>
        <Required type="1" schemaName="cr7c7_roster_employee_table" displayName="Roster_Employee_Table" solution="RosterEmployees (1.0.0.1)" />
        <Dependent type="10" schemaName="cr7c7_cr7c7_holiday_Employee_ID_Holiday_cr7c7_r" displayName="cr7c7_cr7c7_holiday_Employee_ID_Holiday_cr7c7_r" parentSchemaName="cr7c7_roster_employee_table" parentDisplayName="Roster_Employee_Table" />
      </MissingDependency>
      <MissingDependency>
        <Required type="1" schemaName="cr7c7_roster_employee_table" displayName="Roster_Employee_Table" solution="RosterEmployees (1.0.0.1)" />
        <Dependent type="10" schemaName="cr7c7_cr7c7_shift_table_Employee_ID_ShiftTable_" displayName="cr7c7_cr7c7_shift_table_Employee_ID_ShiftTable_" parentSchemaName="cr7c7_shift_table" parentDisplayName="Shift_Table" />
      </MissingDependency>
      <MissingDependency>
        <Required type="1" schemaName="cr7c7_roster_employee_table" displayName="Roster_Employee_Table" solution="RosterEmployees (1.0.0.1)" />
        <Dependent type="2" schemaName="createdby" displayName="Created By" parentSchemaName="cr7c7_roster_employee_table" parentDisplayName="Roster_Employee_Table" />
      </MissingDependency>
      <MissingDependency>
        <Required type="1" schemaName="cr7c7_roster_employee_table" displayName="Roster_Employee_Table" solution="RosterEmployees (1.0.0.1)" />
        <Dependent type="2" schemaName="createdonbehalfby" displayName="Created By (Delegate)" parentSchemaName="cr7c7_roster_employee_table" parentDisplayName="Roster_Employee_Table" />
      </MissingDependency>
      <MissingDependency>
        <Required type="1" schemaName="cr7c7_roster_employee_table" displayName="Roster_Employee_Table" solution="RosterEmployees (1.0.0.1)" />
        <Dependent type="2" schemaName="modifiedby" displayName="Modified By" parentSchemaName="cr7c7_roster_employee_table" parentDisplayName="Roster_Employee_Table" />
      </MissingDependency>
      <MissingDependency>
        <Required type="1" schemaName="cr7c7_roster_employee_table" displayName="Roster_Employee_Table" solution="RosterEmployees (1.0.0.1)" />
        <Dependent type="2" schemaName="modifiedonbehalfby" displayName="Modified By (Delegate)" parentSchemaName="cr7c7_roster_employee_table" parentDisplayName="Roster_Employee_Table" />
      </MissingDependency>
      <MissingDependency>
        <Required type="1" schemaName="cr7c7_roster_employee_table" displayName="Roster_Employee_Table" solution="RosterEmployees (1.0.0.1)" />
        <Dependent type="2" schemaName="ownerid" displayName="Owner" parentSchemaName="cr7c7_roster_employee_table" parentDisplayName="Roster_Employee_Table" />
      </MissingDependency>
      <MissingDependency>
        <Required type="1" schemaName="cr7c7_roster_employee_table" displayName="Roster_Employee_Table" solution="RosterEmployees (1.0.0.1)" />
        <Dependent type="2" schemaName="owningbusinessunit" displayName="Owning Business Unit" parentSchemaName="cr7c7_roster_employee_table" parentDisplayName="Roster_Employee_Table" />
      </MissingDependency>
      <MissingDependency>
        <Required type="1" schemaName="cr7c7_roster_employee_table" displayName="Roster_Employee_Table" solution="RosterEmployees (1.0.0.1)" />
        <Dependent type="2" schemaName="owningteam" displayName="Owning Team" parentSchemaName="cr7c7_roster_employee_table" parentDisplayName="Roster_Employee_Table" />
      </MissingDependency>
      <MissingDependency>
        <Required type="1" schemaName="cr7c7_roster_employee_table" displayName="Roster_Employee_Table" solution="RosterEmployees (1.0.0.1)" />
        <Dependent type="2" schemaName="owninguser" displayName="Owning User" parentSchemaName="cr7c7_roster_employee_table" parentDisplayName="Roster_Employee_Table" />
      </MissingDependency>
      <MissingDependency>
        <Required type="1" schemaName="cr7c7_roster_employee_table" displayName="Roster_Employee_Table" solution="RosterEmployees (1.0.0.1)" />
        <Dependent type="2" schemaName="versionnumber" displayName="Version Number" parentSchemaName="cr7c7_roster_employee_table" parentDisplayName="Roster_Employee_Table" />
      </MissingDependency>
      <MissingDependency>
        <Required type="1" schemaName="cr7c7_roster_employee_table" displayName="Roster_Employee_Table" solution="RosterEmployees (1.0.0.1)" />
        <Dependent type="300" schemaName="uclp2023_roasteremployees_a7318" displayName="Roaster-Employees" />
      </MissingDependency>
      <MissingDependency>
        <Required type="1" schemaName="cr7c7_roster_employee_table" displayName="Roster_Employee_Table" solution="RosterEmployees (1.0.0.1)" />
        <Dependent type="68" id="{253f26ff-02c4-4b23-b2c1-4b04de8a165c}" />
      </MissingDependency>
      <MissingDependency>
        <Required type="1" schemaName="cr7c7_shift_table" displayName="Shift_Table" solution="RosterEmployees (1.0.0.1)" />
        <Dependent type="1" schemaName="cr7c7_shift_table" displayName="Shift_Table" />
      </MissingDependency>
      <MissingDependency>
        <Required type="1" schemaName="cr7c7_shift_table" displayName="Shift_Table" solution="RosterEmployees (1.0.0.1)" />
        <Dependent type="10" schemaName="cr7c7_cr7c7_clockinoffrecord_table_Shift_ID_Rec" displayName="cr7c7_cr7c7_clockinoffrecord_table_Shift_ID_Rec" parentSchemaName="cr7c7_clockinoffrecord_table" parentDisplayName="ClockInOffRecord_Table" />
      </MissingDependency>
      <MissingDependency>
        <Required type="1" schemaName="cr7c7_shift_table" displayName="Shift_Table" solution="RosterEmployees (1.0.0.1)" />
        <Dependent type="10" schemaName="cr7c7_cr7c7_clockonoffrecord_table_Shift_ID_clo" displayName="cr7c7_cr7c7_clockonoffrecord_table_Shift_ID_clo" parentSchemaName="cr7c7_clockonoffrecord_table" parentDisplayName=" ClockOnOffRecord_Table" />
      </MissingDependency>
      <MissingDependency>
        <Required type="1" schemaName="cr7c7_shift_table" displayName="Shift_Table" solution="RosterEmployees (1.0.0.1)" />
        <Dependent type="10" schemaName="cr7c7_cr7c7_shift_table_Employee_ID_ShiftTable_" displayName="cr7c7_cr7c7_shift_table_Employee_ID_ShiftTable_" parentSchemaName="cr7c7_shift_table" parentDisplayName="Shift_Table" />
      </MissingDependency>
      <MissingDependency>
        <Required type="1" schemaName="cr7c7_shift_table" displayName="Shift_Table" solution="RosterEmployees (1.0.0.1)" />
        <Dependent type="10" schemaName="cr7c7_cr7c7_shift_table_Needed_Role_ID_cr7c7_ne" displayName="cr7c7_cr7c7_shift_table_Needed_Role_ID_cr7c7_ne" parentSchemaName="cr7c7_shift_table" parentDisplayName="Shift_Table" />
      </MissingDependency>
      <MissingDependency>
        <Required type="1" schemaName="cr7c7_shift_table" displayName="Shift_Table" solution="RosterEmployees (1.0.0.1)" />
        <Dependent type="10" schemaName="cr7c7_Shift_Table_cr7c7_Shift_Table_cr7c7" displayName="cr7c7_Shift_Table_cr7c7_Shift_Table_cr7c7" parentSchemaName="cr7c7_shift_table" parentDisplayName="Shift_Table" />
      </MissingDependency>
      <MissingDependency>
        <Required type="1" schemaName="cr7c7_shift_table" displayName="Shift_Table" solution="RosterEmployees (1.0.0.1)" />
        <Dependent type="2" schemaName="createdby" displayName="Created By" parentSchemaName="cr7c7_shift_table" parentDisplayName="Shift_Table" />
      </MissingDependency>
      <MissingDependency>
        <Required type="1" schemaName="cr7c7_shift_table" displayName="Shift_Table" solution="RosterEmployees (1.0.0.1)" />
        <Dependent type="2" schemaName="createdonbehalfby" displayName="Created By (Delegate)" parentSchemaName="cr7c7_shift_table" parentDisplayName="Shift_Table" />
      </MissingDependency>
      <MissingDependency>
        <Required type="1" schemaName="cr7c7_shift_table" displayName="Shift_Table" solution="RosterEmployees (1.0.0.1)" />
        <Dependent type="2" schemaName="modifiedby" displayName="Modified By" parentSchemaName="cr7c7_shift_table" parentDisplayName="Shift_Table" />
      </MissingDependency>
      <MissingDependency>
        <Required type="1" schemaName="cr7c7_shift_table" displayName="Shift_Table" solution="RosterEmployees (1.0.0.1)" />
        <Dependent type="2" schemaName="modifiedonbehalfby" displayName="Modified By (Delegate)" parentSchemaName="cr7c7_shift_table" parentDisplayName="Shift_Table" />
      </MissingDependency>
      <MissingDependency>
        <Required type="1" schemaName="cr7c7_shift_table" displayName="Shift_Table" solution="RosterEmployees (1.0.0.1)" />
        <Dependent type="2" schemaName="ownerid" displayName="Owner" parentSchemaName="cr7c7_shift_table" parentDisplayName="Shift_Table" />
      </MissingDependency>
      <MissingDependency>
        <Required type="1" schemaName="cr7c7_shift_table" displayName="Shift_Table" solution="RosterEmployees (1.0.0.1)" />
        <Dependent type="2" schemaName="owningbusinessunit" displayName="Owning Business Unit" parentSchemaName="cr7c7_shift_table" parentDisplayName="Shift_Table" />
      </MissingDependency>
      <MissingDependency>
        <Required type="1" schemaName="cr7c7_shift_table" displayName="Shift_Table" solution="RosterEmployees (1.0.0.1)" />
        <Dependent type="2" schemaName="owningteam" displayName="Owning Team" parentSchemaName="cr7c7_shift_table" parentDisplayName="Shift_Table" />
      </MissingDependency>
      <MissingDependency>
        <Required type="1" schemaName="cr7c7_shift_table" displayName="Shift_Table" solution="RosterEmployees (1.0.0.1)" />
        <Dependent type="2" schemaName="owninguser" displayName="Owning User" parentSchemaName="cr7c7_shift_table" parentDisplayName="Shift_Table" />
      </MissingDependency>
      <MissingDependency>
        <Required type="1" schemaName="cr7c7_shift_table" displayName="Shift_Table" solution="RosterEmployees (1.0.0.1)" />
        <Dependent type="2" schemaName="versionnumber" displayName="Version Number" parentSchemaName="cr7c7_shift_table" parentDisplayName="Shift_Table" />
      </MissingDependency>
      <MissingDependency>
        <Required type="1" schemaName="cr7c7_shift_table" displayName="Shift_Table" solution="RosterEmployees (1.0.0.1)" />
        <Dependent type="300" schemaName="uclp2023_roasteremployees_a7318" displayName="Roaster-Employees" />
      </MissingDependency>
      <MissingDependency>
        <Required type="1" schemaName="cr7c7_shift_table" displayName="Shift_Table" solution="RosterEmployees (1.0.0.1)" />
        <Dependent type="68" id="{52db4b54-201e-47db-b4c6-277cee4dc965}" />
      </MissingDependency>
      <MissingDependency>
        <Required type="300" schemaName="uclp2023_roasteremployees_a7318" displayName="Roaster-Employees" solution="RosterEmployees (1.0.0.1)" />
        <Dependent type="300" schemaName="uclp2023_roasteremployees_a7318" displayName="Roaster-Employees" />
      </MissingDependency>
    </MissingDependencies>
  </SolutionManifest>
</ImportExportXml>